<annotation>
	<folder>images</folder>
	<filename>107592979_aaa9cdfe78_m.jpg</filename>
	<path>C:\Users\jorim.chokote\Documents\InnoJam\ML\images\107592979_aaa9cdfe78_m.jpg</path>
	<source>
		<database>Unknown</database>
	</source>
	<size>
		<width>240</width>
		<height>240</height>
		<depth>3</depth>
	</size>
	<segmented>0</segmented>
	<object>
		<name>daisy</name>
		<pose>Unspecified</pose>
		<truncated>1</truncated>
		<difficult>0</difficult>
		<bndbox>
			<xmin>1</xmin>
			<ymin>2</ymin>
			<xmax>239</xmax>
			<ymax>240</ymax>
		</bndbox>
	</object>
</annotation>
