<annotation>
	<folder>images</folder>
	<filename>5794839_200acd910c_n.jpg</filename>
	<path>C:\Users\jorim.chokote\Documents\InnoJam\ML\images\5794839_200acd910c_n.jpg</path>
	<source>
		<database>Unknown</database>
	</source>
	<size>
		<width>320</width>
		<height>240</height>
		<depth>3</depth>
	</size>
	<segmented>0</segmented>
	<object>
		<name>daisy</name>
		<pose>Unspecified</pose>
		<truncated>0</truncated>
		<difficult>0</difficult>
		<bndbox>
			<xmin>152</xmin>
			<ymin>79</ymin>
			<xmax>298</xmax>
			<ymax>219</ymax>
		</bndbox>
	</object>
	<object>
		<name>daisy</name>
		<pose>Unspecified</pose>
		<truncated>0</truncated>
		<difficult>0</difficult>
		<bndbox>
			<xmin>6</xmin>
			<ymin>81</ymin>
			<xmax>158</xmax>
			<ymax>224</ymax>
		</bndbox>
	</object>
	<object>
		<name>daisy</name>
		<pose>Unspecified</pose>
		<truncated>0</truncated>
		<difficult>0</difficult>
		<bndbox>
			<xmin>108</xmin>
			<ymin>14</ymin>
			<xmax>254</xmax>
			<ymax>116</ymax>
		</bndbox>
	</object>
</annotation>
