<annotation>
	<folder>images</folder>
	<filename>134409839_71069a95d1_m.jpg</filename>
	<path>C:\Users\jorim.chokote\Documents\InnoJam\ML\images\134409839_71069a95d1_m.jpg</path>
	<source>
		<database>Unknown</database>
	</source>
	<size>
		<width>240</width>
		<height>222</height>
		<depth>3</depth>
	</size>
	<segmented>0</segmented>
	<object>
		<name>daisy</name>
		<pose>Unspecified</pose>
		<truncated>1</truncated>
		<difficult>0</difficult>
		<bndbox>
			<xmin>9</xmin>
			<ymin>1</ymin>
			<xmax>221</xmax>
			<ymax>222</ymax>
		</bndbox>
	</object>
</annotation>
