<annotation>
	<folder>images</folder>
	<filename>43474673_7bb4465a86.jpg</filename>
	<path>C:\Users\jorim.chokote\Documents\InnoJam\ML\images\43474673_7bb4465a86.jpg</path>
	<source>
		<database>Unknown</database>
	</source>
	<size>
		<width>500</width>
		<height>375</height>
		<depth>3</depth>
	</size>
	<segmented>0</segmented>
	<object>
		<name>daisy</name>
		<pose>Unspecified</pose>
		<truncated>1</truncated>
		<difficult>0</difficult>
		<bndbox>
			<xmin>1</xmin>
			<ymin>1</ymin>
			<xmax>497</xmax>
			<ymax>372</ymax>
		</bndbox>
	</object>
</annotation>
