<annotation>
	<folder>images</folder>
	<filename>5673551_01d1ea993e_n.jpg</filename>
	<path>C:\Users\jorim.chokote\Documents\InnoJam\ML\images\5673551_01d1ea993e_n.jpg</path>
	<source>
		<database>Unknown</database>
	</source>
	<size>
		<width>320</width>
		<height>212</height>
		<depth>3</depth>
	</size>
	<segmented>0</segmented>
	<object>
		<name>daisy</name>
		<pose>Unspecified</pose>
		<truncated>1</truncated>
		<difficult>0</difficult>
		<bndbox>
			<xmin>1</xmin>
			<ymin>1</ymin>
			<xmax>319</xmax>
			<ymax>211</ymax>
		</bndbox>
	</object>
</annotation>
